Collection	Group	Name	Sample Type	StatesFileLoc.hg38	StatesFileLoc.hg19
E001	PrimaryHMM	E001 ES-I3 Cells	hES-I3	https://egg2.wustl.edu/roadmap/data/byFileType/chromhmmSegmentations/ChmmModels/coreMarks/jointModel/final/E001_15_coreMarks_hg38lift_dense.bed.gz	https://egg2.wustl.edu/roadmap/data/byFileType/chromhmmSegmentations/ChmmModels/coreMarks/jointModel/final/E001_15_coreMarks_dense.bed.gz
E002	PrimaryHMM	E002 ES-WA7 Cells	WA-7	https://egg2.wustl.edu/roadmap/data/byFileType/chromhmmSegmentations/ChmmModels/coreMarks/jointModel/final/E002_15_coreMarks_hg38lift_dense.bed.gz	https://egg2.wustl.edu/roadmap/data/byFileType/chromhmmSegmentations/ChmmModels/coreMarks/jointModel/final/E002_15_coreMarks_dense.bed.gz
E003	PrimaryHMM	E003 H1 Cells	H1	https://egg2.wustl.edu/roadmap/data/byFileType/chromhmmSegmentations/ChmmModels/coreMarks/jointModel/final/E003_15_coreMarks_hg38lift_dense.bed.gz	https://egg2.wustl.edu/roadmap/data/byFileType/chromhmmSegmentations/ChmmModels/coreMarks/jointModel/final/E003_15_coreMarks_dense.bed.gz
E004	PrimaryHMM	E004 H1 BMP4 Derived Mesendoderm Cultured Cells	H1 BMP4 Derived Mesendoderm Cultured Cells	https://egg2.wustl.edu/roadmap/data/byFileType/chromhmmSegmentations/ChmmModels/coreMarks/jointModel/final/E004_15_coreMarks_hg38lift_dense.bed.gz	https://egg2.wustl.edu/roadmap/data/byFileType/chromhmmSegmentations/ChmmModels/coreMarks/jointModel/final/E004_15_coreMarks_dense.bed.gz
E005	PrimaryHMM	E005 H1 BMP4 Derived Trophoblast Cultured Cells	H1 BMP4 Derived Trophoblast Cultured Cells	https://egg2.wustl.edu/roadmap/data/byFileType/chromhmmSegmentations/ChmmModels/coreMarks/jointModel/final/E005_15_coreMarks_hg38lift_dense.bed.gz	https://egg2.wustl.edu/roadmap/data/byFileType/chromhmmSegmentations/ChmmModels/coreMarks/jointModel/final/E005_15_coreMarks_dense.bed.gz
E006	PrimaryHMM	E006 H1 Derived Mesenchymal Stem Cells	H1 Derived Mesenchymal Stem Cells	https://egg2.wustl.edu/roadmap/data/byFileType/chromhmmSegmentations/ChmmModels/coreMarks/jointModel/final/E006_15_coreMarks_hg38lift_dense.bed.gz	https://egg2.wustl.edu/roadmap/data/byFileType/chromhmmSegmentations/ChmmModels/coreMarks/jointModel/final/E006_15_coreMarks_dense.bed.gz
E007	PrimaryHMM	E007 H1 Derived Neuronal Progenitor Cultured Cells	H1 Derived Neuronal Progenitor Cultured Cells	https://egg2.wustl.edu/roadmap/data/byFileType/chromhmmSegmentations/ChmmModels/coreMarks/jointModel/final/E007_15_coreMarks_hg38lift_dense.bed.gz	https://egg2.wustl.edu/roadmap/data/byFileType/chromhmmSegmentations/ChmmModels/coreMarks/jointModel/final/E007_15_coreMarks_dense.bed.gz
E008	PrimaryHMM	E008 H9 Cells	H9	https://egg2.wustl.edu/roadmap/data/byFileType/chromhmmSegmentations/ChmmModels/coreMarks/jointModel/final/E008_15_coreMarks_hg38lift_dense.bed.gz	https://egg2.wustl.edu/roadmap/data/byFileType/chromhmmSegmentations/ChmmModels/coreMarks/jointModel/final/E008_15_coreMarks_dense.bed.gz
E009	PrimaryHMM	E009 H9 Derived Neuronal Progenitor Cultured Cells	H9 Derived Neuronal Progenitor Cultured Cells	https://egg2.wustl.edu/roadmap/data/byFileType/chromhmmSegmentations/ChmmModels/coreMarks/jointModel/final/E009_15_coreMarks_hg38lift_dense.bed.gz	https://egg2.wustl.edu/roadmap/data/byFileType/chromhmmSegmentations/ChmmModels/coreMarks/jointModel/final/E009_15_coreMarks_dense.bed.gz
E010	PrimaryHMM	E010 H9 Derived Neuron Cultured Cells	H9 Derived Neuron Cultured Cells	https://egg2.wustl.edu/roadmap/data/byFileType/chromhmmSegmentations/ChmmModels/coreMarks/jointModel/final/E010_15_coreMarks_hg38lift_dense.bed.gz	https://egg2.wustl.edu/roadmap/data/byFileType/chromhmmSegmentations/ChmmModels/coreMarks/jointModel/final/E010_15_coreMarks_dense.bed.gz
E011	PrimaryHMM	E011 hESC Derived CD184+ Endoderm Cultured Cells	hESC Derived CD184+ Endoderm Cultured Cells	https://egg2.wustl.edu/roadmap/data/byFileType/chromhmmSegmentations/ChmmModels/coreMarks/jointModel/final/E011_15_coreMarks_hg38lift_dense.bed.gz	https://egg2.wustl.edu/roadmap/data/byFileType/chromhmmSegmentations/ChmmModels/coreMarks/jointModel/final/E011_15_coreMarks_dense.bed.gz
E012	PrimaryHMM	E012 hESC Derived CD56+ Ectoderm Cultured Cells	hESC Derived CD56+ Ectoderm Cultured Cells	https://egg2.wustl.edu/roadmap/data/byFileType/chromhmmSegmentations/ChmmModels/coreMarks/jointModel/final/E012_15_coreMarks_hg38lift_dense.bed.gz	https://egg2.wustl.edu/roadmap/data/byFileType/chromhmmSegmentations/ChmmModels/coreMarks/jointModel/final/E012_15_coreMarks_dense.bed.gz
E013	PrimaryHMM	E013 hESC Derived CD56+ Mesoderm Cultured Cells	hESC Derived CD56+ Mesoderm Cultured Cells	https://egg2.wustl.edu/roadmap/data/byFileType/chromhmmSegmentations/ChmmModels/coreMarks/jointModel/final/E013_15_coreMarks_hg38lift_dense.bed.gz	https://egg2.wustl.edu/roadmap/data/byFileType/chromhmmSegmentations/ChmmModels/coreMarks/jointModel/final/E013_15_coreMarks_dense.bed.gz
E014	PrimaryHMM	E014 HUES48 Cells	HUES48	https://egg2.wustl.edu/roadmap/data/byFileType/chromhmmSegmentations/ChmmModels/coreMarks/jointModel/final/E014_15_coreMarks_hg38lift_dense.bed.gz	https://egg2.wustl.edu/roadmap/data/byFileType/chromhmmSegmentations/ChmmModels/coreMarks/jointModel/final/E014_15_coreMarks_dense.bed.gz
E015	PrimaryHMM	E015 HUES6 Cells	HUES6	https://egg2.wustl.edu/roadmap/data/byFileType/chromhmmSegmentations/ChmmModels/coreMarks/jointModel/final/E015_15_coreMarks_hg38lift_dense.bed.gz	https://egg2.wustl.edu/roadmap/data/byFileType/chromhmmSegmentations/ChmmModels/coreMarks/jointModel/final/E015_15_coreMarks_dense.bed.gz
E016	PrimaryHMM	E016 HUES64 Cells	HUES64	https://egg2.wustl.edu/roadmap/data/byFileType/chromhmmSegmentations/ChmmModels/coreMarks/jointModel/final/E016_15_coreMarks_hg38lift_dense.bed.gz	https://egg2.wustl.edu/roadmap/data/byFileType/chromhmmSegmentations/ChmmModels/coreMarks/jointModel/final/E016_15_coreMarks_dense.bed.gz
E017	PrimaryHMM	E017 IMR90 fetal lung fibroblasts Cell Line	IMR90	https://egg2.wustl.edu/roadmap/data/byFileType/chromhmmSegmentations/ChmmModels/coreMarks/jointModel/final/E017_15_coreMarks_hg38lift_dense.bed.gz	https://egg2.wustl.edu/roadmap/data/byFileType/chromhmmSegmentations/ChmmModels/coreMarks/jointModel/final/E017_15_coreMarks_dense.bed.gz
E018	PrimaryHMM	E018 iPS-15b Cells	hiPS-15b	https://egg2.wustl.edu/roadmap/data/byFileType/chromhmmSegmentations/ChmmModels/coreMarks/jointModel/final/E018_15_coreMarks_hg38lift_dense.bed.gz	https://egg2.wustl.edu/roadmap/data/byFileType/chromhmmSegmentations/ChmmModels/coreMarks/jointModel/final/E018_15_coreMarks_dense.bed.gz
E019	PrimaryHMM	E019 iPS-18 Cells	hiPS-18b	https://egg2.wustl.edu/roadmap/data/byFileType/chromhmmSegmentations/ChmmModels/coreMarks/jointModel/final/E019_15_coreMarks_hg38lift_dense.bed.gz	https://egg2.wustl.edu/roadmap/data/byFileType/chromhmmSegmentations/ChmmModels/coreMarks/jointModel/final/E019_15_coreMarks_dense.bed.gz
E020	PrimaryHMM	E020 iPS-20b Cells	hiPS-20b	https://egg2.wustl.edu/roadmap/data/byFileType/chromhmmSegmentations/ChmmModels/coreMarks/jointModel/final/E020_15_coreMarks_hg38lift_dense.bed.gz	https://egg2.wustl.edu/roadmap/data/byFileType/chromhmmSegmentations/ChmmModels/coreMarks/jointModel/final/E020_15_coreMarks_dense.bed.gz
E021	PrimaryHMM	E021 iPS DF 6.9 Cells	iPS DF 6.9	https://egg2.wustl.edu/roadmap/data/byFileType/chromhmmSegmentations/ChmmModels/coreMarks/jointModel/final/E021_15_coreMarks_hg38lift_dense.bed.gz	https://egg2.wustl.edu/roadmap/data/byFileType/chromhmmSegmentations/ChmmModels/coreMarks/jointModel/final/E021_15_coreMarks_dense.bed.gz
E022	PrimaryHMM	E022 iPS DF 19.11 Cells	iPS DF 19.11	https://egg2.wustl.edu/roadmap/data/byFileType/chromhmmSegmentations/ChmmModels/coreMarks/jointModel/final/E022_15_coreMarks_hg38lift_dense.bed.gz	https://egg2.wustl.edu/roadmap/data/byFileType/chromhmmSegmentations/ChmmModels/coreMarks/jointModel/final/E022_15_coreMarks_dense.bed.gz
E023	PrimaryHMM	E023 Mesenchymal Stem Cell Derived Adipocyte Cultured Cells	Mesenchymal Stem Cell Derived Adipocyte Cultured Cells	https://egg2.wustl.edu/roadmap/data/byFileType/chromhmmSegmentations/ChmmModels/coreMarks/jointModel/final/E023_15_coreMarks_hg38lift_dense.bed.gz	https://egg2.wustl.edu/roadmap/data/byFileType/chromhmmSegmentations/ChmmModels/coreMarks/jointModel/final/E023_15_coreMarks_dense.bed.gz
E024	PrimaryHMM	E024 ES-UCSF4 Cells	UCSF-4star	https://egg2.wustl.edu/roadmap/data/byFileType/chromhmmSegmentations/ChmmModels/coreMarks/jointModel/final/E024_15_coreMarks_hg38lift_dense.bed.gz	https://egg2.wustl.edu/roadmap/data/byFileType/chromhmmSegmentations/ChmmModels/coreMarks/jointModel/final/E024_15_coreMarks_dense.bed.gz
E025	PrimaryHMM	E025 Adipose Derived Mesenchymal Stem Cell Cultured Cells	Adipose Derived Mesenchymal Stem Cell Cultured Cells	https://egg2.wustl.edu/roadmap/data/byFileType/chromhmmSegmentations/ChmmModels/coreMarks/jointModel/final/E025_15_coreMarks_hg38lift_dense.bed.gz	https://egg2.wustl.edu/roadmap/data/byFileType/chromhmmSegmentations/ChmmModels/coreMarks/jointModel/final/E025_15_coreMarks_dense.bed.gz
E026	PrimaryHMM	E026 Bone Marrow Derived Cultured Mesenchymal Stem Cells	Bone Marrow Derived Mesenchymal Stem cell	https://egg2.wustl.edu/roadmap/data/byFileType/chromhmmSegmentations/ChmmModels/coreMarks/jointModel/final/E026_15_coreMarks_hg38lift_dense.bed.gz	https://egg2.wustl.edu/roadmap/data/byFileType/chromhmmSegmentations/ChmmModels/coreMarks/jointModel/final/E026_15_coreMarks_dense.bed.gz
E027	PrimaryHMM	E027 Breast Myoepithelial Primary Cells	Breast Myoepithelial cells	https://egg2.wustl.edu/roadmap/data/byFileType/chromhmmSegmentations/ChmmModels/coreMarks/jointModel/final/E027_15_coreMarks_hg38lift_dense.bed.gz	https://egg2.wustl.edu/roadmap/data/byFileType/chromhmmSegmentations/ChmmModels/coreMarks/jointModel/final/E027_15_coreMarks_dense.bed.gz
E028	PrimaryHMM	E028 Breast variant Human Mammary Epithelial Cells (vHMEC)	Breast vHMEC	https://egg2.wustl.edu/roadmap/data/byFileType/chromhmmSegmentations/ChmmModels/coreMarks/jointModel/final/E028_15_coreMarks_hg38lift_dense.bed.gz	https://egg2.wustl.edu/roadmap/data/byFileType/chromhmmSegmentations/ChmmModels/coreMarks/jointModel/final/E028_15_coreMarks_dense.bed.gz
E029	PrimaryHMM	E029 Primary monocytes from peripheral blood	CD14 primary cells	https://egg2.wustl.edu/roadmap/data/byFileType/chromhmmSegmentations/ChmmModels/coreMarks/jointModel/final/E029_15_coreMarks_hg38lift_dense.bed.gz	https://egg2.wustl.edu/roadmap/data/byFileType/chromhmmSegmentations/ChmmModels/coreMarks/jointModel/final/E029_15_coreMarks_dense.bed.gz
E030	PrimaryHMM	E030 Primary neutrophils from peripheral blood	CD15 Primary cells	https://egg2.wustl.edu/roadmap/data/byFileType/chromhmmSegmentations/ChmmModels/coreMarks/jointModel/final/E030_15_coreMarks_hg38lift_dense.bed.gz	https://egg2.wustl.edu/roadmap/data/byFileType/chromhmmSegmentations/ChmmModels/coreMarks/jointModel/final/E030_15_coreMarks_dense.bed.gz
E031	PrimaryHMM	E031 Primary B cells from cord blood	CD19 Primary cells	https://egg2.wustl.edu/roadmap/data/byFileType/chromhmmSegmentations/ChmmModels/coreMarks/jointModel/final/E031_15_coreMarks_hg38lift_dense.bed.gz	https://egg2.wustl.edu/roadmap/data/byFileType/chromhmmSegmentations/ChmmModels/coreMarks/jointModel/final/E031_15_coreMarks_dense.bed.gz
E032	PrimaryHMM	E032 Primary B cells from peripheral blood	CD19 Primary cells	https://egg2.wustl.edu/roadmap/data/byFileType/chromhmmSegmentations/ChmmModels/coreMarks/jointModel/final/E032_15_coreMarks_hg38lift_dense.bed.gz	https://egg2.wustl.edu/roadmap/data/byFileType/chromhmmSegmentations/ChmmModels/coreMarks/jointModel/final/E032_15_coreMarks_dense.bed.gz
E033	PrimaryHMM	E033 Primary T cells from cord blood	CD3 Primary cells	https://egg2.wustl.edu/roadmap/data/byFileType/chromhmmSegmentations/ChmmModels/coreMarks/jointModel/final/E033_15_coreMarks_hg38lift_dense.bed.gz	https://egg2.wustl.edu/roadmap/data/byFileType/chromhmmSegmentations/ChmmModels/coreMarks/jointModel/final/E033_15_coreMarks_dense.bed.gz
E034	PrimaryHMM	E034 Primary T cells from peripheral blood	CD3 Primary cells	https://egg2.wustl.edu/roadmap/data/byFileType/chromhmmSegmentations/ChmmModels/coreMarks/jointModel/final/E034_15_coreMarks_hg38lift_dense.bed.gz	https://egg2.wustl.edu/roadmap/data/byFileType/chromhmmSegmentations/ChmmModels/coreMarks/jointModel/final/E034_15_coreMarks_dense.bed.gz
E035	PrimaryHMM	E035 Primary hematopoietic stem cells	CD34 Primary cells	https://egg2.wustl.edu/roadmap/data/byFileType/chromhmmSegmentations/ChmmModels/coreMarks/jointModel/final/E035_15_coreMarks_hg38lift_dense.bed.gz	https://egg2.wustl.edu/roadmap/data/byFileType/chromhmmSegmentations/ChmmModels/coreMarks/jointModel/final/E035_15_coreMarks_dense.bed.gz
E036	PrimaryHMM	E036 Primary hematopoietic stem cells short term culture	CD34 cultured cells	https://egg2.wustl.edu/roadmap/data/byFileType/chromhmmSegmentations/ChmmModels/coreMarks/jointModel/final/E036_15_coreMarks_hg38lift_dense.bed.gz	https://egg2.wustl.edu/roadmap/data/byFileType/chromhmmSegmentations/ChmmModels/coreMarks/jointModel/final/E036_15_coreMarks_dense.bed.gz
E037	PrimaryHMM	E037 Primary T helper memory cells from peripheral blood 2	CD4 Memory Primary cells	https://egg2.wustl.edu/roadmap/data/byFileType/chromhmmSegmentations/ChmmModels/coreMarks/jointModel/final/E037_15_coreMarks_hg38lift_dense.bed.gz	https://egg2.wustl.edu/roadmap/data/byFileType/chromhmmSegmentations/ChmmModels/coreMarks/jointModel/final/E037_15_coreMarks_dense.bed.gz
E038	PrimaryHMM	E038 Primary T helper naive cells from peripheral blood	CD4 Naive Primary cells	https://egg2.wustl.edu/roadmap/data/byFileType/chromhmmSegmentations/ChmmModels/coreMarks/jointModel/final/E038_15_coreMarks_hg38lift_dense.bed.gz	https://egg2.wustl.edu/roadmap/data/byFileType/chromhmmSegmentations/ChmmModels/coreMarks/jointModel/final/E038_15_coreMarks_dense.bed.gz
E039	PrimaryHMM	E039 Primary T helper naive cells from peripheral blood	CD4+ CD25- CD45RA+ Naive Primary Cells	https://egg2.wustl.edu/roadmap/data/byFileType/chromhmmSegmentations/ChmmModels/coreMarks/jointModel/final/E039_15_coreMarks_hg38lift_dense.bed.gz	https://egg2.wustl.edu/roadmap/data/byFileType/chromhmmSegmentations/ChmmModels/coreMarks/jointModel/final/E039_15_coreMarks_dense.bed.gz
E040	PrimaryHMM	E040 Primary T helper memory cells from peripheral blood 1	CD4+ CD25- CD45RO+ Memory Primary Cells	https://egg2.wustl.edu/roadmap/data/byFileType/chromhmmSegmentations/ChmmModels/coreMarks/jointModel/final/E040_15_coreMarks_hg38lift_dense.bed.gz	https://egg2.wustl.edu/roadmap/data/byFileType/chromhmmSegmentations/ChmmModels/coreMarks/jointModel/final/E040_15_coreMarks_dense.bed.gz
E041	PrimaryHMM	E041 Primary T helper cells PMA-I stimulated	CD4+ CD25- IL17- PMA-Ionomycin stimulated MACS purified Th Primary Cells	https://egg2.wustl.edu/roadmap/data/byFileType/chromhmmSegmentations/ChmmModels/coreMarks/jointModel/final/E041_15_coreMarks_hg38lift_dense.bed.gz	https://egg2.wustl.edu/roadmap/data/byFileType/chromhmmSegmentations/ChmmModels/coreMarks/jointModel/final/E041_15_coreMarks_dense.bed.gz
E042	PrimaryHMM	E042 Primary T helper 17 cells PMA-I stimulated	CD4+ CD25- IL17+ PMA-Ionomcyin stimulated Th17 Primary Cells	https://egg2.wustl.edu/roadmap/data/byFileType/chromhmmSegmentations/ChmmModels/coreMarks/jointModel/final/E042_15_coreMarks_hg38lift_dense.bed.gz	https://egg2.wustl.edu/roadmap/data/byFileType/chromhmmSegmentations/ChmmModels/coreMarks/jointModel/final/E042_15_coreMarks_dense.bed.gz
E043	PrimaryHMM	E043 Primary T helper cells from peripheral blood	CD4+ CD25- Th Primary Cells	https://egg2.wustl.edu/roadmap/data/byFileType/chromhmmSegmentations/ChmmModels/coreMarks/jointModel/final/E043_15_coreMarks_hg38lift_dense.bed.gz	https://egg2.wustl.edu/roadmap/data/byFileType/chromhmmSegmentations/ChmmModels/coreMarks/jointModel/final/E043_15_coreMarks_dense.bed.gz
E044	PrimaryHMM	E044 Primary T regulatory cells from peripheral blood	CD4+ CD25+ CD127- Treg Primary Cells	https://egg2.wustl.edu/roadmap/data/byFileType/chromhmmSegmentations/ChmmModels/coreMarks/jointModel/final/E044_15_coreMarks_hg38lift_dense.bed.gz	https://egg2.wustl.edu/roadmap/data/byFileType/chromhmmSegmentations/ChmmModels/coreMarks/jointModel/final/E044_15_coreMarks_dense.bed.gz
E045	PrimaryHMM	E045 Primary T cells effector/memory enriched from peripheral blood	CD4+ CD25int CD127+ Tmem Primary Cells	https://egg2.wustl.edu/roadmap/data/byFileType/chromhmmSegmentations/ChmmModels/coreMarks/jointModel/final/E045_15_coreMarks_hg38lift_dense.bed.gz	https://egg2.wustl.edu/roadmap/data/byFileType/chromhmmSegmentations/ChmmModels/coreMarks/jointModel/final/E045_15_coreMarks_dense.bed.gz
E046	PrimaryHMM	E046 Primary Natural Killer cells from peripheral blood	CD56 primary cells	https://egg2.wustl.edu/roadmap/data/byFileType/chromhmmSegmentations/ChmmModels/coreMarks/jointModel/final/E046_15_coreMarks_hg38lift_dense.bed.gz	https://egg2.wustl.edu/roadmap/data/byFileType/chromhmmSegmentations/ChmmModels/coreMarks/jointModel/final/E046_15_coreMarks_dense.bed.gz
E047	PrimaryHMM	E047 Primary T CD8+ naive cells from peripheral blood	CD8 Naive Primary cells	https://egg2.wustl.edu/roadmap/data/byFileType/chromhmmSegmentations/ChmmModels/coreMarks/jointModel/final/E047_15_coreMarks_hg38lift_dense.bed.gz	https://egg2.wustl.edu/roadmap/data/byFileType/chromhmmSegmentations/ChmmModels/coreMarks/jointModel/final/E047_15_coreMarks_dense.bed.gz
E048	PrimaryHMM	E048 Primary T CD8+ memory cells from peripheral blood	CD8 Memory Primary Cells	https://egg2.wustl.edu/roadmap/data/byFileType/chromhmmSegmentations/ChmmModels/coreMarks/jointModel/final/E048_15_coreMarks_hg38lift_dense.bed.gz	https://egg2.wustl.edu/roadmap/data/byFileType/chromhmmSegmentations/ChmmModels/coreMarks/jointModel/final/E048_15_coreMarks_dense.bed.gz
E049	PrimaryHMM	E049 Mesenchymal Stem Cell Derived Chondrocyte Cultured Cells	Chondrocytes from Bone Marrow Derived Mesenchymal Stem Cell Cultured Cells	https://egg2.wustl.edu/roadmap/data/byFileType/chromhmmSegmentations/ChmmModels/coreMarks/jointModel/final/E049_15_coreMarks_hg38lift_dense.bed.gz	https://egg2.wustl.edu/roadmap/data/byFileType/chromhmmSegmentations/ChmmModels/coreMarks/jointModel/final/E049_15_coreMarks_dense.bed.gz
E050	PrimaryHMM	E050 Primary hematopoietic stem cells G-CSF-mobilized Female	Mobilized CD34 Primary cells	https://egg2.wustl.edu/roadmap/data/byFileType/chromhmmSegmentations/ChmmModels/coreMarks/jointModel/final/E050_15_coreMarks_hg38lift_dense.bed.gz	https://egg2.wustl.edu/roadmap/data/byFileType/chromhmmSegmentations/ChmmModels/coreMarks/jointModel/final/E050_15_coreMarks_dense.bed.gz
E051	PrimaryHMM	E051 Primary hematopoietic stem cells G-CSF-mobilized Male	Mobilized CD34 Primary cells	https://egg2.wustl.edu/roadmap/data/byFileType/chromhmmSegmentations/ChmmModels/coreMarks/jointModel/final/E051_15_coreMarks_hg38lift_dense.bed.gz	https://egg2.wustl.edu/roadmap/data/byFileType/chromhmmSegmentations/ChmmModels/coreMarks/jointModel/final/E051_15_coreMarks_dense.bed.gz
E052	PrimaryHMM	E052 Muscle Satellite Cultured Cells	Muscle Satellite Cultured Cells	https://egg2.wustl.edu/roadmap/data/byFileType/chromhmmSegmentations/ChmmModels/coreMarks/jointModel/final/E052_15_coreMarks_hg38lift_dense.bed.gz	https://egg2.wustl.edu/roadmap/data/byFileType/chromhmmSegmentations/ChmmModels/coreMarks/jointModel/final/E052_15_coreMarks_dense.bed.gz
E053	PrimaryHMM	E053 Cortex derived primary cultured neurospheres	Neurospheres, Cortex Derived	https://egg2.wustl.edu/roadmap/data/byFileType/chromhmmSegmentations/ChmmModels/coreMarks/jointModel/final/E053_15_coreMarks_hg38lift_dense.bed.gz	https://egg2.wustl.edu/roadmap/data/byFileType/chromhmmSegmentations/ChmmModels/coreMarks/jointModel/final/E053_15_coreMarks_dense.bed.gz
E054	PrimaryHMM	E054 Ganglion Eminence derived primary cultured neurospheres	Neurospheres, Ganglionic Eminence Derived	https://egg2.wustl.edu/roadmap/data/byFileType/chromhmmSegmentations/ChmmModels/coreMarks/jointModel/final/E054_15_coreMarks_hg38lift_dense.bed.gz	https://egg2.wustl.edu/roadmap/data/byFileType/chromhmmSegmentations/ChmmModels/coreMarks/jointModel/final/E054_15_coreMarks_dense.bed.gz
E055	PrimaryHMM	E055 Foreskin Fibroblast Primary Cells skin01	Penis Foreskin Fibroblast Primary Cells	https://egg2.wustl.edu/roadmap/data/byFileType/chromhmmSegmentations/ChmmModels/coreMarks/jointModel/final/E055_15_coreMarks_hg38lift_dense.bed.gz	https://egg2.wustl.edu/roadmap/data/byFileType/chromhmmSegmentations/ChmmModels/coreMarks/jointModel/final/E055_15_coreMarks_dense.bed.gz
E056	PrimaryHMM	E056 Foreskin Fibroblast Primary Cells skin02	Penis Foreskin Fibroblast Primary Cells	https://egg2.wustl.edu/roadmap/data/byFileType/chromhmmSegmentations/ChmmModels/coreMarks/jointModel/final/E056_15_coreMarks_hg38lift_dense.bed.gz	https://egg2.wustl.edu/roadmap/data/byFileType/chromhmmSegmentations/ChmmModels/coreMarks/jointModel/final/E056_15_coreMarks_dense.bed.gz
E057	PrimaryHMM	E057 Foreskin Keratinocyte Primary Cells skin02	Penis Foreskin Keratinocyte Primary Cells	https://egg2.wustl.edu/roadmap/data/byFileType/chromhmmSegmentations/ChmmModels/coreMarks/jointModel/final/E057_15_coreMarks_hg38lift_dense.bed.gz	https://egg2.wustl.edu/roadmap/data/byFileType/chromhmmSegmentations/ChmmModels/coreMarks/jointModel/final/E057_15_coreMarks_dense.bed.gz
E058	PrimaryHMM	E058 Foreskin Keratinocyte Primary Cells skin03	Penis Foreskin Keratinocyte Primary Cells	https://egg2.wustl.edu/roadmap/data/byFileType/chromhmmSegmentations/ChmmModels/coreMarks/jointModel/final/E058_15_coreMarks_hg38lift_dense.bed.gz	https://egg2.wustl.edu/roadmap/data/byFileType/chromhmmSegmentations/ChmmModels/coreMarks/jointModel/final/E058_15_coreMarks_dense.bed.gz
E059	PrimaryHMM	E059 Foreskin Melanocyte Primary Cells skin01	Penis Foreskin Melanocyte Primary Cells	https://egg2.wustl.edu/roadmap/data/byFileType/chromhmmSegmentations/ChmmModels/coreMarks/jointModel/final/E059_15_coreMarks_hg38lift_dense.bed.gz	https://egg2.wustl.edu/roadmap/data/byFileType/chromhmmSegmentations/ChmmModels/coreMarks/jointModel/final/E059_15_coreMarks_dense.bed.gz
E061	PrimaryHMM	E061 Foreskin Melanocyte Primary Cells skin03	Penis Foreskin Melanocyte Primary Cells	https://egg2.wustl.edu/roadmap/data/byFileType/chromhmmSegmentations/ChmmModels/coreMarks/jointModel/final/E061_15_coreMarks_hg38lift_dense.bed.gz	https://egg2.wustl.edu/roadmap/data/byFileType/chromhmmSegmentations/ChmmModels/coreMarks/jointModel/final/E061_15_coreMarks_dense.bed.gz
E062	PrimaryHMM	E062 Primary mononuclear cells from peripheral blood	Peripheral Blood Mononuclear Primary cells	https://egg2.wustl.edu/roadmap/data/byFileType/chromhmmSegmentations/ChmmModels/coreMarks/jointModel/final/E062_15_coreMarks_hg38lift_dense.bed.gz	https://egg2.wustl.edu/roadmap/data/byFileType/chromhmmSegmentations/ChmmModels/coreMarks/jointModel/final/E062_15_coreMarks_dense.bed.gz
E063	PrimaryHMM	E063 Adipose Nuclei	Adipose Nuclei	https://egg2.wustl.edu/roadmap/data/byFileType/chromhmmSegmentations/ChmmModels/coreMarks/jointModel/final/E063_15_coreMarks_hg38lift_dense.bed.gz	https://egg2.wustl.edu/roadmap/data/byFileType/chromhmmSegmentations/ChmmModels/coreMarks/jointModel/final/E063_15_coreMarks_dense.bed.gz
E065	PrimaryHMM	E065 Aorta	Aorta	https://egg2.wustl.edu/roadmap/data/byFileType/chromhmmSegmentations/ChmmModels/coreMarks/jointModel/final/E065_15_coreMarks_hg38lift_dense.bed.gz	https://egg2.wustl.edu/roadmap/data/byFileType/chromhmmSegmentations/ChmmModels/coreMarks/jointModel/final/E065_15_coreMarks_dense.bed.gz
E066	PrimaryHMM	E066 Liver	Adult Liver	https://egg2.wustl.edu/roadmap/data/byFileType/chromhmmSegmentations/ChmmModels/coreMarks/jointModel/final/E066_15_coreMarks_hg38lift_dense.bed.gz	https://egg2.wustl.edu/roadmap/data/byFileType/chromhmmSegmentations/ChmmModels/coreMarks/jointModel/final/E066_15_coreMarks_dense.bed.gz
E067	PrimaryHMM	E067 Brain Angular Gyrus	Brain Angular Gyrus	https://egg2.wustl.edu/roadmap/data/byFileType/chromhmmSegmentations/ChmmModels/coreMarks/jointModel/final/E067_15_coreMarks_hg38lift_dense.bed.gz	https://egg2.wustl.edu/roadmap/data/byFileType/chromhmmSegmentations/ChmmModels/coreMarks/jointModel/final/E067_15_coreMarks_dense.bed.gz
E068	PrimaryHMM	E068 Brain Anterior Caudate	Brain Anterior Caudate	https://egg2.wustl.edu/roadmap/data/byFileType/chromhmmSegmentations/ChmmModels/coreMarks/jointModel/final/E068_15_coreMarks_hg38lift_dense.bed.gz	https://egg2.wustl.edu/roadmap/data/byFileType/chromhmmSegmentations/ChmmModels/coreMarks/jointModel/final/E068_15_coreMarks_dense.bed.gz
E069	PrimaryHMM	E069 Brain Cingulate Gyrus	Brain Cingulate Gyrus	https://egg2.wustl.edu/roadmap/data/byFileType/chromhmmSegmentations/ChmmModels/coreMarks/jointModel/final/E069_15_coreMarks_hg38lift_dense.bed.gz	https://egg2.wustl.edu/roadmap/data/byFileType/chromhmmSegmentations/ChmmModels/coreMarks/jointModel/final/E069_15_coreMarks_dense.bed.gz
E070	PrimaryHMM	E070 Brain Germinal Matrix	Brain Germinal Matrix	https://egg2.wustl.edu/roadmap/data/byFileType/chromhmmSegmentations/ChmmModels/coreMarks/jointModel/final/E070_15_coreMarks_hg38lift_dense.bed.gz	https://egg2.wustl.edu/roadmap/data/byFileType/chromhmmSegmentations/ChmmModels/coreMarks/jointModel/final/E070_15_coreMarks_dense.bed.gz
E071	PrimaryHMM	E071 Brain Hippocampus Middle	Brain Hippocampus Middle	https://egg2.wustl.edu/roadmap/data/byFileType/chromhmmSegmentations/ChmmModels/coreMarks/jointModel/final/E071_15_coreMarks_hg38lift_dense.bed.gz	https://egg2.wustl.edu/roadmap/data/byFileType/chromhmmSegmentations/ChmmModels/coreMarks/jointModel/final/E071_15_coreMarks_dense.bed.gz
E072	PrimaryHMM	E072 Brain Inferior Temporal Lobe	Brain Inferior Temporal Lobe	https://egg2.wustl.edu/roadmap/data/byFileType/chromhmmSegmentations/ChmmModels/coreMarks/jointModel/final/E072_15_coreMarks_hg38lift_dense.bed.gz	https://egg2.wustl.edu/roadmap/data/byFileType/chromhmmSegmentations/ChmmModels/coreMarks/jointModel/final/E072_15_coreMarks_dense.bed.gz
E073	PrimaryHMM	E073 Brain_Dorsolateral_Prefrontal_Cortex	Brain Mid Frontal Lobe	https://egg2.wustl.edu/roadmap/data/byFileType/chromhmmSegmentations/ChmmModels/coreMarks/jointModel/final/E073_15_coreMarks_hg38lift_dense.bed.gz	https://egg2.wustl.edu/roadmap/data/byFileType/chromhmmSegmentations/ChmmModels/coreMarks/jointModel/final/E073_15_coreMarks_dense.bed.gz
E074	PrimaryHMM	E074 Brain Substantia Nigra	Brain Substantia Nigra	https://egg2.wustl.edu/roadmap/data/byFileType/chromhmmSegmentations/ChmmModels/coreMarks/jointModel/final/E074_15_coreMarks_hg38lift_dense.bed.gz	https://egg2.wustl.edu/roadmap/data/byFileType/chromhmmSegmentations/ChmmModels/coreMarks/jointModel/final/E074_15_coreMarks_dense.bed.gz
E075	PrimaryHMM	E075 Colonic Mucosa	Colonic Mucosa	https://egg2.wustl.edu/roadmap/data/byFileType/chromhmmSegmentations/ChmmModels/coreMarks/jointModel/final/E075_15_coreMarks_hg38lift_dense.bed.gz	https://egg2.wustl.edu/roadmap/data/byFileType/chromhmmSegmentations/ChmmModels/coreMarks/jointModel/final/E075_15_coreMarks_dense.bed.gz
E076	PrimaryHMM	E076 Colon Smooth Muscle	Colon Smooth Muscle	https://egg2.wustl.edu/roadmap/data/byFileType/chromhmmSegmentations/ChmmModels/coreMarks/jointModel/final/E076_15_coreMarks_hg38lift_dense.bed.gz	https://egg2.wustl.edu/roadmap/data/byFileType/chromhmmSegmentations/ChmmModels/coreMarks/jointModel/final/E076_15_coreMarks_dense.bed.gz
E077	PrimaryHMM	E077 Duodenum Mucosa	Duodenum Mucosa	https://egg2.wustl.edu/roadmap/data/byFileType/chromhmmSegmentations/ChmmModels/coreMarks/jointModel/final/E077_15_coreMarks_hg38lift_dense.bed.gz	https://egg2.wustl.edu/roadmap/data/byFileType/chromhmmSegmentations/ChmmModels/coreMarks/jointModel/final/E077_15_coreMarks_dense.bed.gz
E078	PrimaryHMM	E078 Duodenum Smooth Muscle	Duodenum Smooth Muscle	https://egg2.wustl.edu/roadmap/data/byFileType/chromhmmSegmentations/ChmmModels/coreMarks/jointModel/final/E078_15_coreMarks_hg38lift_dense.bed.gz	https://egg2.wustl.edu/roadmap/data/byFileType/chromhmmSegmentations/ChmmModels/coreMarks/jointModel/final/E078_15_coreMarks_dense.bed.gz
E079	PrimaryHMM	E079 Esophagus	Esophagus	https://egg2.wustl.edu/roadmap/data/byFileType/chromhmmSegmentations/ChmmModels/coreMarks/jointModel/final/E079_15_coreMarks_hg38lift_dense.bed.gz	https://egg2.wustl.edu/roadmap/data/byFileType/chromhmmSegmentations/ChmmModels/coreMarks/jointModel/final/E079_15_coreMarks_dense.bed.gz
E080	PrimaryHMM	E080 Fetal Adrenal Gland	Fetal Adrenal Gland	https://egg2.wustl.edu/roadmap/data/byFileType/chromhmmSegmentations/ChmmModels/coreMarks/jointModel/final/E080_15_coreMarks_hg38lift_dense.bed.gz	https://egg2.wustl.edu/roadmap/data/byFileType/chromhmmSegmentations/ChmmModels/coreMarks/jointModel/final/E080_15_coreMarks_dense.bed.gz
E081	PrimaryHMM	E081 Fetal Brain Male	Fetal Brain	https://egg2.wustl.edu/roadmap/data/byFileType/chromhmmSegmentations/ChmmModels/coreMarks/jointModel/final/E081_15_coreMarks_hg38lift_dense.bed.gz	https://egg2.wustl.edu/roadmap/data/byFileType/chromhmmSegmentations/ChmmModels/coreMarks/jointModel/final/E081_15_coreMarks_dense.bed.gz
E082	PrimaryHMM	E082 Fetal Brain Female	Fetal Brain	https://egg2.wustl.edu/roadmap/data/byFileType/chromhmmSegmentations/ChmmModels/coreMarks/jointModel/final/E082_15_coreMarks_hg38lift_dense.bed.gz	https://egg2.wustl.edu/roadmap/data/byFileType/chromhmmSegmentations/ChmmModels/coreMarks/jointModel/final/E082_15_coreMarks_dense.bed.gz
E083	PrimaryHMM	E083 Fetal Heart	Fetal Heart	https://egg2.wustl.edu/roadmap/data/byFileType/chromhmmSegmentations/ChmmModels/coreMarks/jointModel/final/E083_15_coreMarks_hg38lift_dense.bed.gz	https://egg2.wustl.edu/roadmap/data/byFileType/chromhmmSegmentations/ChmmModels/coreMarks/jointModel/final/E083_15_coreMarks_dense.bed.gz
E084	PrimaryHMM	E084 Fetal Intestine Large	Fetal Intestine Large	https://egg2.wustl.edu/roadmap/data/byFileType/chromhmmSegmentations/ChmmModels/coreMarks/jointModel/final/E084_15_coreMarks_hg38lift_dense.bed.gz	https://egg2.wustl.edu/roadmap/data/byFileType/chromhmmSegmentations/ChmmModels/coreMarks/jointModel/final/E084_15_coreMarks_dense.bed.gz
E085	PrimaryHMM	E085 Fetal Intestine Small	Fetal Intestine Small	https://egg2.wustl.edu/roadmap/data/byFileType/chromhmmSegmentations/ChmmModels/coreMarks/jointModel/final/E085_15_coreMarks_hg38lift_dense.bed.gz	https://egg2.wustl.edu/roadmap/data/byFileType/chromhmmSegmentations/ChmmModels/coreMarks/jointModel/final/E085_15_coreMarks_dense.bed.gz
E086	PrimaryHMM	E086 Fetal Kidney	Fetal Kidney	https://egg2.wustl.edu/roadmap/data/byFileType/chromhmmSegmentations/ChmmModels/coreMarks/jointModel/final/E086_15_coreMarks_hg38lift_dense.bed.gz	https://egg2.wustl.edu/roadmap/data/byFileType/chromhmmSegmentations/ChmmModels/coreMarks/jointModel/final/E086_15_coreMarks_dense.bed.gz
E087	PrimaryHMM	E087 Pancreatic Islets	PanIslets	https://egg2.wustl.edu/roadmap/data/byFileType/chromhmmSegmentations/ChmmModels/coreMarks/jointModel/final/E087_15_coreMarks_hg38lift_dense.bed.gz	https://egg2.wustl.edu/roadmap/data/byFileType/chromhmmSegmentations/ChmmModels/coreMarks/jointModel/final/E087_15_coreMarks_dense.bed.gz
E088	PrimaryHMM	E088 Fetal Lung	Fetal Lung	https://egg2.wustl.edu/roadmap/data/byFileType/chromhmmSegmentations/ChmmModels/coreMarks/jointModel/final/E088_15_coreMarks_hg38lift_dense.bed.gz	https://egg2.wustl.edu/roadmap/data/byFileType/chromhmmSegmentations/ChmmModels/coreMarks/jointModel/final/E088_15_coreMarks_dense.bed.gz
E089	PrimaryHMM	E089 Fetal Muscle Trunk	Fetal Muscle Trunk	https://egg2.wustl.edu/roadmap/data/byFileType/chromhmmSegmentations/ChmmModels/coreMarks/jointModel/final/E089_15_coreMarks_hg38lift_dense.bed.gz	https://egg2.wustl.edu/roadmap/data/byFileType/chromhmmSegmentations/ChmmModels/coreMarks/jointModel/final/E089_15_coreMarks_dense.bed.gz
E090	PrimaryHMM	E090 Fetal Muscle Leg	Fetal Muscle Leg	https://egg2.wustl.edu/roadmap/data/byFileType/chromhmmSegmentations/ChmmModels/coreMarks/jointModel/final/E090_15_coreMarks_hg38lift_dense.bed.gz	https://egg2.wustl.edu/roadmap/data/byFileType/chromhmmSegmentations/ChmmModels/coreMarks/jointModel/final/E090_15_coreMarks_dense.bed.gz
E091	PrimaryHMM	E091 Placenta	Fetal Placenta	https://egg2.wustl.edu/roadmap/data/byFileType/chromhmmSegmentations/ChmmModels/coreMarks/jointModel/final/E091_15_coreMarks_hg38lift_dense.bed.gz	https://egg2.wustl.edu/roadmap/data/byFileType/chromhmmSegmentations/ChmmModels/coreMarks/jointModel/final/E091_15_coreMarks_dense.bed.gz
E092	PrimaryHMM	E092 Fetal Stomach	Fetal Stomach	https://egg2.wustl.edu/roadmap/data/byFileType/chromhmmSegmentations/ChmmModels/coreMarks/jointModel/final/E092_15_coreMarks_hg38lift_dense.bed.gz	https://egg2.wustl.edu/roadmap/data/byFileType/chromhmmSegmentations/ChmmModels/coreMarks/jointModel/final/E092_15_coreMarks_dense.bed.gz
E093	PrimaryHMM	E093 Fetal Thymus	Fetal Thymus	https://egg2.wustl.edu/roadmap/data/byFileType/chromhmmSegmentations/ChmmModels/coreMarks/jointModel/final/E093_15_coreMarks_hg38lift_dense.bed.gz	https://egg2.wustl.edu/roadmap/data/byFileType/chromhmmSegmentations/ChmmModels/coreMarks/jointModel/final/E093_15_coreMarks_dense.bed.gz
E094	PrimaryHMM	E094 Gastric	Gastric	https://egg2.wustl.edu/roadmap/data/byFileType/chromhmmSegmentations/ChmmModels/coreMarks/jointModel/final/E094_15_coreMarks_hg38lift_dense.bed.gz	https://egg2.wustl.edu/roadmap/data/byFileType/chromhmmSegmentations/ChmmModels/coreMarks/jointModel/final/E094_15_coreMarks_dense.bed.gz
E095	PrimaryHMM	E095 Left Ventricle	Left Ventricle	https://egg2.wustl.edu/roadmap/data/byFileType/chromhmmSegmentations/ChmmModels/coreMarks/jointModel/final/E095_15_coreMarks_hg38lift_dense.bed.gz	https://egg2.wustl.edu/roadmap/data/byFileType/chromhmmSegmentations/ChmmModels/coreMarks/jointModel/final/E095_15_coreMarks_dense.bed.gz
E096	PrimaryHMM	E096 Lung	Lung	https://egg2.wustl.edu/roadmap/data/byFileType/chromhmmSegmentations/ChmmModels/coreMarks/jointModel/final/E096_15_coreMarks_hg38lift_dense.bed.gz	https://egg2.wustl.edu/roadmap/data/byFileType/chromhmmSegmentations/ChmmModels/coreMarks/jointModel/final/E096_15_coreMarks_dense.bed.gz
E097	PrimaryHMM	E097 Ovary	Ovary	https://egg2.wustl.edu/roadmap/data/byFileType/chromhmmSegmentations/ChmmModels/coreMarks/jointModel/final/E097_15_coreMarks_hg38lift_dense.bed.gz	https://egg2.wustl.edu/roadmap/data/byFileType/chromhmmSegmentations/ChmmModels/coreMarks/jointModel/final/E097_15_coreMarks_dense.bed.gz
E098	PrimaryHMM	E098 Pancreas	Pancreas	https://egg2.wustl.edu/roadmap/data/byFileType/chromhmmSegmentations/ChmmModels/coreMarks/jointModel/final/E098_15_coreMarks_hg38lift_dense.bed.gz	https://egg2.wustl.edu/roadmap/data/byFileType/chromhmmSegmentations/ChmmModels/coreMarks/jointModel/final/E098_15_coreMarks_dense.bed.gz
E099	PrimaryHMM	E099 Placenta Amnion	Placenta Amnion	https://egg2.wustl.edu/roadmap/data/byFileType/chromhmmSegmentations/ChmmModels/coreMarks/jointModel/final/E099_15_coreMarks_hg38lift_dense.bed.gz	https://egg2.wustl.edu/roadmap/data/byFileType/chromhmmSegmentations/ChmmModels/coreMarks/jointModel/final/E099_15_coreMarks_dense.bed.gz
E100	PrimaryHMM	E100 Psoas Muscle	Psoas Muscle	https://egg2.wustl.edu/roadmap/data/byFileType/chromhmmSegmentations/ChmmModels/coreMarks/jointModel/final/E100_15_coreMarks_hg38lift_dense.bed.gz	https://egg2.wustl.edu/roadmap/data/byFileType/chromhmmSegmentations/ChmmModels/coreMarks/jointModel/final/E100_15_coreMarks_dense.bed.gz
E101	PrimaryHMM	E101 Rectal Mucosa Donor 29	Rectal Mucosa	https://egg2.wustl.edu/roadmap/data/byFileType/chromhmmSegmentations/ChmmModels/coreMarks/jointModel/final/E101_15_coreMarks_hg38lift_dense.bed.gz	https://egg2.wustl.edu/roadmap/data/byFileType/chromhmmSegmentations/ChmmModels/coreMarks/jointModel/final/E101_15_coreMarks_dense.bed.gz
E102	PrimaryHMM	E102 Rectal Mucosa Donor 31	Rectal Mucosa	https://egg2.wustl.edu/roadmap/data/byFileType/chromhmmSegmentations/ChmmModels/coreMarks/jointModel/final/E102_15_coreMarks_hg38lift_dense.bed.gz	https://egg2.wustl.edu/roadmap/data/byFileType/chromhmmSegmentations/ChmmModels/coreMarks/jointModel/final/E102_15_coreMarks_dense.bed.gz
E103	PrimaryHMM	E103 Rectal Smooth Muscle	Rectal Smooth Muscle	https://egg2.wustl.edu/roadmap/data/byFileType/chromhmmSegmentations/ChmmModels/coreMarks/jointModel/final/E103_15_coreMarks_hg38lift_dense.bed.gz	https://egg2.wustl.edu/roadmap/data/byFileType/chromhmmSegmentations/ChmmModels/coreMarks/jointModel/final/E103_15_coreMarks_dense.bed.gz
E104	PrimaryHMM	E104 Right Atrium	Right Atrium	https://egg2.wustl.edu/roadmap/data/byFileType/chromhmmSegmentations/ChmmModels/coreMarks/jointModel/final/E104_15_coreMarks_hg38lift_dense.bed.gz	https://egg2.wustl.edu/roadmap/data/byFileType/chromhmmSegmentations/ChmmModels/coreMarks/jointModel/final/E104_15_coreMarks_dense.bed.gz
E105	PrimaryHMM	E105 Right Ventricle	Right Ventricle	https://egg2.wustl.edu/roadmap/data/byFileType/chromhmmSegmentations/ChmmModels/coreMarks/jointModel/final/E105_15_coreMarks_hg38lift_dense.bed.gz	https://egg2.wustl.edu/roadmap/data/byFileType/chromhmmSegmentations/ChmmModels/coreMarks/jointModel/final/E105_15_coreMarks_dense.bed.gz
E106	PrimaryHMM	E106 Sigmoid Colon	Sigmoid Colon	https://egg2.wustl.edu/roadmap/data/byFileType/chromhmmSegmentations/ChmmModels/coreMarks/jointModel/final/E106_15_coreMarks_hg38lift_dense.bed.gz	https://egg2.wustl.edu/roadmap/data/byFileType/chromhmmSegmentations/ChmmModels/coreMarks/jointModel/final/E106_15_coreMarks_dense.bed.gz
E107	PrimaryHMM	E107 Skeletal Muscle Male	Skeletal Muscle	https://egg2.wustl.edu/roadmap/data/byFileType/chromhmmSegmentations/ChmmModels/coreMarks/jointModel/final/E107_15_coreMarks_hg38lift_dense.bed.gz	https://egg2.wustl.edu/roadmap/data/byFileType/chromhmmSegmentations/ChmmModels/coreMarks/jointModel/final/E107_15_coreMarks_dense.bed.gz
E108	PrimaryHMM	E108 Skeletal Muscle Female	Skeletal Muscle	https://egg2.wustl.edu/roadmap/data/byFileType/chromhmmSegmentations/ChmmModels/coreMarks/jointModel/final/E108_15_coreMarks_hg38lift_dense.bed.gz	https://egg2.wustl.edu/roadmap/data/byFileType/chromhmmSegmentations/ChmmModels/coreMarks/jointModel/final/E108_15_coreMarks_dense.bed.gz
E109	PrimaryHMM	E109 Small Intestine	Small Intestine	https://egg2.wustl.edu/roadmap/data/byFileType/chromhmmSegmentations/ChmmModels/coreMarks/jointModel/final/E109_15_coreMarks_hg38lift_dense.bed.gz	https://egg2.wustl.edu/roadmap/data/byFileType/chromhmmSegmentations/ChmmModels/coreMarks/jointModel/final/E109_15_coreMarks_dense.bed.gz
E110	PrimaryHMM	E110 Stomach Mucosa	Stomach Mucosa	https://egg2.wustl.edu/roadmap/data/byFileType/chromhmmSegmentations/ChmmModels/coreMarks/jointModel/final/E110_15_coreMarks_hg38lift_dense.bed.gz	https://egg2.wustl.edu/roadmap/data/byFileType/chromhmmSegmentations/ChmmModels/coreMarks/jointModel/final/E110_15_coreMarks_dense.bed.gz
E111	PrimaryHMM	E111 Stomach Smooth Muscle	Stomach Smooth Muscle	https://egg2.wustl.edu/roadmap/data/byFileType/chromhmmSegmentations/ChmmModels/coreMarks/jointModel/final/E111_15_coreMarks_hg38lift_dense.bed.gz	https://egg2.wustl.edu/roadmap/data/byFileType/chromhmmSegmentations/ChmmModels/coreMarks/jointModel/final/E111_15_coreMarks_dense.bed.gz
E112	PrimaryHMM	E112 Thymus	Thymus	https://egg2.wustl.edu/roadmap/data/byFileType/chromhmmSegmentations/ChmmModels/coreMarks/jointModel/final/E112_15_coreMarks_hg38lift_dense.bed.gz	https://egg2.wustl.edu/roadmap/data/byFileType/chromhmmSegmentations/ChmmModels/coreMarks/jointModel/final/E112_15_coreMarks_dense.bed.gz
E113	PrimaryHMM	E113 Spleen	Spleen	https://egg2.wustl.edu/roadmap/data/byFileType/chromhmmSegmentations/ChmmModels/coreMarks/jointModel/final/E113_15_coreMarks_hg38lift_dense.bed.gz	https://egg2.wustl.edu/roadmap/data/byFileType/chromhmmSegmentations/ChmmModels/coreMarks/jointModel/final/E113_15_coreMarks_dense.bed.gz
E114	PrimaryHMM	E114 A549 EtOH 0.02pct Lung Carcinoma Cell Line	A549	https://egg2.wustl.edu/roadmap/data/byFileType/chromhmmSegmentations/ChmmModels/coreMarks/jointModel/final/E114_15_coreMarks_hg38lift_dense.bed.gz	https://egg2.wustl.edu/roadmap/data/byFileType/chromhmmSegmentations/ChmmModels/coreMarks/jointModel/final/E114_15_coreMarks_dense.bed.gz
E115	PrimaryHMM	E115 Dnd41 TCell Leukemia Cell Line	Dnd41	https://egg2.wustl.edu/roadmap/data/byFileType/chromhmmSegmentations/ChmmModels/coreMarks/jointModel/final/E115_15_coreMarks_hg38lift_dense.bed.gz	https://egg2.wustl.edu/roadmap/data/byFileType/chromhmmSegmentations/ChmmModels/coreMarks/jointModel/final/E115_15_coreMarks_dense.bed.gz
E116	PrimaryHMM	E116 GM12878 Lymphoblastoid Cells	GM12878	https://egg2.wustl.edu/roadmap/data/byFileType/chromhmmSegmentations/ChmmModels/coreMarks/jointModel/final/E116_15_coreMarks_hg38lift_dense.bed.gz	https://egg2.wustl.edu/roadmap/data/byFileType/chromhmmSegmentations/ChmmModels/coreMarks/jointModel/final/E116_15_coreMarks_dense.bed.gz
E117	PrimaryHMM	E117 HeLa-S3 Cervical Carcinoma Cell Line	HeLa-S3	https://egg2.wustl.edu/roadmap/data/byFileType/chromhmmSegmentations/ChmmModels/coreMarks/jointModel/final/E117_15_coreMarks_hg38lift_dense.bed.gz	https://egg2.wustl.edu/roadmap/data/byFileType/chromhmmSegmentations/ChmmModels/coreMarks/jointModel/final/E117_15_coreMarks_dense.bed.gz
E118	PrimaryHMM	E118 HepG2 Hepatocellular Carcinoma Cell Line	HepG2	https://egg2.wustl.edu/roadmap/data/byFileType/chromhmmSegmentations/ChmmModels/coreMarks/jointModel/final/E118_15_coreMarks_hg38lift_dense.bed.gz	https://egg2.wustl.edu/roadmap/data/byFileType/chromhmmSegmentations/ChmmModels/coreMarks/jointModel/final/E118_15_coreMarks_dense.bed.gz
E119	PrimaryHMM	E119 HMEC Mammary Epithelial Primary Cells	HMEC	https://egg2.wustl.edu/roadmap/data/byFileType/chromhmmSegmentations/ChmmModels/coreMarks/jointModel/final/E119_15_coreMarks_hg38lift_dense.bed.gz	https://egg2.wustl.edu/roadmap/data/byFileType/chromhmmSegmentations/ChmmModels/coreMarks/jointModel/final/E119_15_coreMarks_dense.bed.gz
E120	PrimaryHMM	E120 HSMM Skeletal Muscle Myoblasts Cells	HSMM	https://egg2.wustl.edu/roadmap/data/byFileType/chromhmmSegmentations/ChmmModels/coreMarks/jointModel/final/E120_15_coreMarks_hg38lift_dense.bed.gz	https://egg2.wustl.edu/roadmap/data/byFileType/chromhmmSegmentations/ChmmModels/coreMarks/jointModel/final/E120_15_coreMarks_dense.bed.gz
E121	PrimaryHMM	E121 HSMM cell derived Skeletal Muscle Myotubes Cells	HSMMtube	https://egg2.wustl.edu/roadmap/data/byFileType/chromhmmSegmentations/ChmmModels/coreMarks/jointModel/final/E121_15_coreMarks_hg38lift_dense.bed.gz	https://egg2.wustl.edu/roadmap/data/byFileType/chromhmmSegmentations/ChmmModels/coreMarks/jointModel/final/E121_15_coreMarks_dense.bed.gz
E122	PrimaryHMM	E122 HUVEC Umbilical Vein Endothelial Primary Cells	HUVEC	https://egg2.wustl.edu/roadmap/data/byFileType/chromhmmSegmentations/ChmmModels/coreMarks/jointModel/final/E122_15_coreMarks_hg38lift_dense.bed.gz	https://egg2.wustl.edu/roadmap/data/byFileType/chromhmmSegmentations/ChmmModels/coreMarks/jointModel/final/E122_15_coreMarks_dense.bed.gz
E123	PrimaryHMM	E123 K562 Leukemia Cells	K562	https://egg2.wustl.edu/roadmap/data/byFileType/chromhmmSegmentations/ChmmModels/coreMarks/jointModel/final/E123_15_coreMarks_hg38lift_dense.bed.gz	https://egg2.wustl.edu/roadmap/data/byFileType/chromhmmSegmentations/ChmmModels/coreMarks/jointModel/final/E123_15_coreMarks_dense.bed.gz
E124	PrimaryHMM	E124 Monocytes-CD14+ RO01746 Primary Cells	Monocytes-CD14+	https://egg2.wustl.edu/roadmap/data/byFileType/chromhmmSegmentations/ChmmModels/coreMarks/jointModel/final/E124_15_coreMarks_hg38lift_dense.bed.gz	https://egg2.wustl.edu/roadmap/data/byFileType/chromhmmSegmentations/ChmmModels/coreMarks/jointModel/final/E124_15_coreMarks_dense.bed.gz
E125	PrimaryHMM	E125 NH-A Astrocytes Primary Cells	NH-A	https://egg2.wustl.edu/roadmap/data/byFileType/chromhmmSegmentations/ChmmModels/coreMarks/jointModel/final/E125_15_coreMarks_hg38lift_dense.bed.gz	https://egg2.wustl.edu/roadmap/data/byFileType/chromhmmSegmentations/ChmmModels/coreMarks/jointModel/final/E125_15_coreMarks_dense.bed.gz
E126	PrimaryHMM	E126 NHDF-Ad Adult Dermal Fibroblast Primary Cells	NHDF-Ad	https://egg2.wustl.edu/roadmap/data/byFileType/chromhmmSegmentations/ChmmModels/coreMarks/jointModel/final/E126_15_coreMarks_hg38lift_dense.bed.gz	https://egg2.wustl.edu/roadmap/data/byFileType/chromhmmSegmentations/ChmmModels/coreMarks/jointModel/final/E126_15_coreMarks_dense.bed.gz
E127	PrimaryHMM	E127 NHEK-Epidermal Keratinocyte Primary Cells	NHEK	https://egg2.wustl.edu/roadmap/data/byFileType/chromhmmSegmentations/ChmmModels/coreMarks/jointModel/final/E127_15_coreMarks_hg38lift_dense.bed.gz	https://egg2.wustl.edu/roadmap/data/byFileType/chromhmmSegmentations/ChmmModels/coreMarks/jointModel/final/E127_15_coreMarks_dense.bed.gz
E128	PrimaryHMM	E128 NHLF Lung Fibroblast Primary Cells	NHLF	https://egg2.wustl.edu/roadmap/data/byFileType/chromhmmSegmentations/ChmmModels/coreMarks/jointModel/final/E128_15_coreMarks_hg38lift_dense.bed.gz	https://egg2.wustl.edu/roadmap/data/byFileType/chromhmmSegmentations/ChmmModels/coreMarks/jointModel/final/E128_15_coreMarks_dense.bed.gz
E129	PrimaryHMM	E129 Osteoblast Primary Cells	Osteobl	https://egg2.wustl.edu/roadmap/data/byFileType/chromhmmSegmentations/ChmmModels/coreMarks/jointModel/final/E129_15_coreMarks_hg38lift_dense.bed.gz	https://egg2.wustl.edu/roadmap/data/byFileType/chromhmmSegmentations/ChmmModels/coreMarks/jointModel/final/E129_15_coreMarks_dense.bed.gz
